ID,price
0,4811.4
2,60233.51
14,17712.99
15,14533.85
18,15830.29
20,27776.83
23,22596.38
27,20072.62
29,18360.13
30,30770.784999999996
31,34290.68666666667
41,32506.18
42,31755.53
49,3536.76
51,14350.55
52,6327.24
53,17967.09
56,6445.42
59,13967.7
61,5986.01
69,24088.35
71,6041.59
73,39350.25
76,5422.15
77,26757.68
80,50540.94
84,18481.47
88,19237.16
95,18366.29
96,36788.34
105,30046.06
109,20659.17
113,39261.84
114,22829.8
124,22415.2
127,19603.91
131,20575.66
132,16758.84
143,17387.2
144,23113.45
148,16661.56
149,29535.11
152,16430.25
155,28721.9
156,23968.51
160,40869.22
163,15225.73
164,20135.25
168,16876.75
172,16015.76
173,29359.48
174,10007.8
176,20577.36
178,13394.43
180,28887.13
182,30498.22
183,32897.85
184,26596.47
189,27178.27
193,19372.35
198,30808.44
199,21204.09
204,16823.61
208,21011.28
213,19680.27
235,23388.29
241,15946.93
243,15696.87
245,21474.67
247,17550.65
257,27121.41
258,52379.08
261,24140.33
264,23359.75
265,21701.25
266,23675.96
269,13283.63
271,28526.95
277,21707.82
281,27586.33
284,31563.65
294,23467.28
295,45324.99
310,22197.91
312,20280.12
315,19962.32
317,18366.34
319,15612.03
327,37799.68666666667
328,17720.88
336,27211.12
339,32034.59
350,17232.8
355,24985.74
356,13996.49
360,24166.67
369,18318.74
371,20298.78
373,23691.62666666667
375,25538.01
379,60812.18
380,32147.61
381,27891.23
390,54939.06
400,29043.21
402,22123.46
409,31392.1
424,15070.84
425,13989.63
426,20821.5
429,21969.44
431,35261.72
439,14392.83
441,29474.64
449,12557.85
455,17904.68
461,19907.38
463,16434.02
467,19667.6
472,31224.73
474,21613.7
483,15803.24
488,26506.41
489,25554.15
491,14180.36
493,19981.52
497,25647.42
499,28818.38
504,15507.52
505,15109.18
511,16957.26
514,17187.09
515,22023.96
519,13251.15
521,17718.33
523,10315.55
528,15932.13
531,11995.31
532,22173.64
540,24356.52
542,21631.81
549,29029.73
562,21197.99
578,19479.92
581,17204.01
583,21514.36
585,20316.83
590,29547.65
591,29291.36
601,22095.36
603,25316.6
609,22351.27
614,37360.9
621,30784.44
624,30805.561904761904
631,20351.49
633,34451.49
640,47566.95
641,38723.45
648,12276.59
653,15007.07
656,23372.36
658,23127.32
668,20307.59
670,20156.75
677,16997.47
681,16992.85
688,26116.5
690,35106.11
692,37520.35
696,25741.47
699,29062.09
707,19804.66
708,21870.5
715,33240.67
720,29950.9
721,17764.21
722,18990.21
723,13829.2
731,16760.37
732,12435.89
737,14917.64
738,20419.14
740,26171.49
742,22618.68
743,11413.15
744,15635.61
746,27984.77
752,14473.965
753,50705.39
760,28486.25
762,13035.165
765,29717.29
775,24041.42
780,13582.98
782,21020.38
786,18409.24
798,24877.13
805,14498.34
807,27314.27
809,11662.94
811,21329.45
812,19730.87
814,20268.25
815,41074.52
816,17324.65
818,20606.97
828,19965.43
831,22088.26
832,14487.67
833,31530.03
835,14171.74
843,23867.16
848,18768.15
853,19217.76
855,22292.07
860,15718.7
864,46909.07
866,16137.62
868,19783.31
869,22341.1
873,28331.9
877,23741.0
878,23523.31
886,20110.81
888,25840.66
889,18729.42
890,32935.83
896,21452.66
905,18598.41
908,21406.02
914,15588.72
915,12164.3
917,12310.98
920,19764.74
928,21305.97
930,29585.95
935,8956.48
937,14752.73
944,16754.91
947,35470.21
948,21586.62
952,13646.62
969,55165.09
971,27047.57
972,30765.14
979,28223.23
991,20930.39
992,23846.99
999,18687.36
1000,18820.96
1001,18771.69
1003,18511.8
1018,13647.61
1022,36018.16
1025,15622.45
1031,20910.603333333336
1032,14887.39
1033,49959.45
1046,18523.33
1048,28187.52
1052,16104.78
1053,16398.37
1057,14785.73
1058,18503.07
1059,29982.19
1067,20171.56
1068,26670.63
1069,21063.05
1076,19333.8
1082,28355.18
1088,30601.07
1092,20223.81
1093,31113.21
1096,14965.44
1106,26814.53
1110,16547.69
1112,21599.24
1116,32264.57
1118,44848.67
1119,18732.12
1133,29322.03
1136,17624.33
1150,16838.13
1157,16846.48
1164,20555.44
1166,25530.54
1174,21621.86
1180,19959.9
1181,22863.51333333333
1182,12878.21
1184,17934.02
1187,22359.93
1188,18141.06
1191,21587.99
1192,57041.05
1194,33503.06
1199,39249.08
1200,21912.57
1203,45803.21
1205,24259.66
1207,22895.87
1209,17025.09
1210,21611.28
1212,19086.33
1214,23840.31
1222,57928.07
1223,28742.09
1226,27620.15
1229,17409.12
1239,32443.73
1243,15869.29
1244,24293.2
1252,22616.31
1254,25215.36
1257,16869.34
1258,15797.59
1259,25557.275
1274,27988.13
1275,19622.69
1276,47772.19
1280,33972.45
1285,60884.66
1286,18509.33
1290,20549.23
1294,20558.89
1306,19371.91
1311,15976.88
1314,21868.55
1318,12098.76
1319,16775.26
1320,23637.97
1323,19761.78
1327,36752.19
1337,16384.12
1339,35711.65
1340,27893.75
1341,19847.96
1343,18957.01
1346,23689.76
1348,52721.32
1349,20638.49
1353,19872.59
1354,27353.47
1359,19193.9
1363,28240.83
1367,14928.65
1368,11007.65
1369,20883.54
1372,45993.35
1376,17439.74
1378,22107.2875
1389,12300.38
1391,19090.39
1397,14763.33
1400,25824.1
1402,18006.64
1405,27084.2
1411,14473.641904761904
1425,26951.9
1430,29578.64
1439,43401.55
1440,25623.02
1442,19345.76
1445,21430.68
1449,15824.22
1455,20211.81
1460,24308.91
1464,27030.09
1469,37324.14
1471,36268.99
1472,24846.56
1474,15815.34
1478,15704.12
1479,21666.58
1481,20161.09
1485,17265.11
1486,20285.05
1487,25723.91
1489,16503.79
1491,21068.6
1492,30357.63
1493,16135.91
1496,24758.35
1500,21554.01
1514,17123.15
1517,23089.49
1527,23212.99
1529,21108.99
1530,18597.65
1531,15100.13
1538,19896.57
1547,37118.04
1551,17445.05
1553,12119.11
1567,19825.98
1568,13829.2
1575,18413.15
1580,14114.64
1582,16795.85
1585,27483.82
1588,23159.45
1590,16614.2
1591,19011.65
1593,13444.9
1594,16853.65
1605,22100.033333333336
1607,14846.68
1609,17745.34
1611,13663.81
1612,10356.37
1617,17501.38
1618,12548.22
1623,23248.04
1629,29007.16166666667
1632,24889.16
1639,11494.76
1640,27846.33
1643,14352.02
1645,18012.85
1656,21745.15
1659,27496.45
1663,21764.12
1667,17361.84
1677,22876.2
1679,39327.22
1688,35863.81333333333
1693,18374.57
1694,42388.98
1695,21506.61
1696,38396.2
1698,18921.92
1699,18424.65
1704,19887.51
1706,21121.36
1713,24238.21
1722,32622.17
1726,25715.716346209254
1733,26422.82
1741,20053.59
1744,47001.96
1754,15112.43
1763,10371.92
1767,18843.68
1769,14638.17
1775,16968.12
1778,20379.0
1779,16037.45
1780,19261.92
1781,29500.63
1786,13672.1
1795,16998.25
1798,19253.25
1799,37436.72
1801,20213.42
1803,14384.7
1805,21736.76
1808,15769.09
1811,11322.2
1816,15063.53
1824,19253.48
1834,15858.1
1838,20099.43
1841,20382.59
1843,22721.55
1844,17256.59
1846,28430.82
1863,33833.08
1864,15849.48
1867,18626.98
1870,19855.76
1871,17959.83
1872,18234.29
1876,19663.97
1880,18541.44
1887,18509.57
1888,18567.1
1895,24493.22
1901,21845.8
1908,29643.31
1920,18609.85
1923,38835.34
1934,9849.46
1940,29829.02
1943,43607.84
1948,24170.403333333332
1952,18185.62
1957,21101.568333333336
1965,18978.88
1968,16293.3
1969,18438.05
1976,26515.04
1979,22543.69
1980,86147.41
1982,24576.03
1983,28833.51
1996,30762.22
1997,28704.44
2002,26592.62
2003,18309.12
2013,28790.14
2020,21159.2
2026,22259.24
2033,43452.34
2035,23193.56
2044,17318.9
2047,26786.24
2055,31855.75
2058,20505.47
2059,39469.99
2062,40511.3
2071,15676.73
2074,19861.71
2077,20869.73
2085,39579.55
2086,35892.263333333336
2091,19827.33
2092,56293.19
2100,16006.52
2109,23366.8
2110,20001.31
2111,20123.55
2121,9994.423333333332
2125,21346.84
2129,31659.34
2137,21387.26
2148,17622.02
2152,21492.85
2153,21137.09
2154,20149.34
2160,22502.01
2163,20753.09
2170,47446.15
2171,19182.29
2172,29004.08
2173,15798.29
2177,40716.18
2178,12915.1
2180,36313.96
2184,16750.54
2189,18568.6
2191,21037.95
2199,12223.88
2203,21030.37
2211,17209.26
2214,24751.07
2219,24087.32333333333
2222,26917.61
2224,12343.45
2225,18309.86
2238,22966.01
2240,50595.71
2244,18495.11
2250,17011.02
2251,29889.15
2258,25614.05
2259,20596.71
2260,27870.32
2267,18106.45
2269,10646.67
2276,27458.96
2278,49023.06
2280,36882.07
2281,25343.067301587304
2283,25680.35
2288,18804.55
2291,44133.10428571429
2297,18996.03
2299,16949.82
2301,14515.06
2302,15961.43
2306,20402.7
2310,17879.43
2317,27569.08
2322,14280.37
2323,18935.19
2324,39689.65
2329,38548.47
2337,19888.34
2357,18381.04
2368,15807.8
2371,16328.67
2380,18729.39
2381,16197.03
2383,18692.33
2384,19379.23
2386,16280.53
2395,19261.48
2396,19184.06
2409,23144.06
2412,18687.36
2424,17907.82
2428,30823.422380952383
2431,29777.50888888889
2433,37990.26
2436,18445.51
2439,22873.98
2446,27396.1
2449,29657.27
2454,16214.37
2460,28996.93666666667
2464,35701.9
2466,36261.57
2467,64784.37
2468,32398.94
2476,18840.43
2484,25522.24
2485,17954.14
2486,52475.61
2493,28888.09
2494,26888.86
2496,15972.61
2499,52854.9
2502,29751.49
2503,30691.98
2504,24815.2
2507,19670.07
2508,17231.51
2509,18154.47
2511,12278.61
2516,21151.37
2518,48489.64
2521,27101.87
2522,25500.69
2526,12627.49
2542,27520.27
2547,23696.54
2551,20018.34
2559,20334.54
2561,30589.22
2566,15756.03
2592,25521.98
2599,25472.01
2602,39091.3
2604,25629.82
2607,46422.98
2609,30038.36
2614,24177.54
2622,53087.01
2626,20187.97
2628,27673.52
2629,119102.84
2630,40419.94
2631,39420.01
2633,24350.96
2638,28022.13
2642,55727.84
2648,40011.08
2658,26097.89
2662,12967.66
2668,19836.09
2669,17535.35
2679,16172.89
2681,17304.88
2683,24227.07
2686,26775.91
2691,12233.0
2693,43668.61
2709,30058.48
2713,12538.27
2715,19869.15
2716,15825.91
2725,12915.46
2727,31635.883095238092
2737,31085.9
2744,12159.01
2747,20330.12
2757,20499.49
2759,26074.91761904762
2760,17605.3
2766,39115.58
2771,22143.86
2777,22433.56
2778,17670.77
2782,22938.34
2786,19605.08
2789,25112.41333333333
2791,18561.9
2792,18465.32
2798,38073.58
2799,31200.5
2806,36213.24
2808,17567.6
2810,52444.52
2816,21683.55
2817,16847.21
2818,14299.76
2824,17067.9
2825,46921.13
2826,22523.52
2829,37489.31
2830,18657.0
2832,21529.29
2834,31792.78
2841,17758.05
2843,15522.22
2848,13585.6
2853,34285.64
2859,15728.94
2876,20766.74
2877,22501.63
2884,25132.83
2891,28232.50702702703
2892,22454.69
2895,24470.719166666666
2898,16053.39
2904,31452.88
2906,32694.42
2920,23904.911333333333
2923,26621.96333333333
2926,20530.15
2931,21008.94
2944,27932.42166666667
2952,49603.16
2953,44798.34
2955,49980.15
2960,28476.47
2962,28476.47
2964,42653.8380952381
2974,39783.08
2986,25323.5
2994,28520.57
2995,28555.42
3002,24483.25
3007,27510.12
3008,16276.03
3009,25938.214928571433
3020,30210.61
3025,34486.48
3030,24322.0
3031,20553.91
3033,26527.25
3034,34691.25
3036,23158.48
3045,29582.07
3047,31705.94
3049,18673.62
3054,20018.75
3056,65869.05
3061,35672.91
3062,38339.24
3070,16209.14
3082,41190.65666666666
3083,26965.42
3089,21758.93
3093,33084.791666666664
3094,41732.72
3098,24701.17
3102,34562.38
3103,56240.67
3106,21270.07
3110,35672.91
3114,17506.75
3115,29020.31
3117,29551.3
3118,21520.73
3120,30544.49
3122,19505.25
3124,29791.8
3129,33261.17
3130,25983.64
3131,24465.65
3133,24127.31
3136,32034.18
3138,32114.96
3139,22250.74
3141,27570.78
3148,23413.256666666668
3149,65939.65
3150,39038.09206349208
3151,39982.36179112554
3156,25272.73
3159,23992.84
3161,29128.68
3164,21804.39
3166,28209.83
3170,23534.02
3173,29942.47
3175,27252.06
3182,40072.59
3184,24822.85
3199,25900.08
3200,23810.7
3212,30855.93
3214,22843.88
3217,40845.77
3221,28301.97
3222,43128.66
3226,22900.54
3235,13210.33
3236,15310.51
3241,11982.85
3250,13660.32
3252,15786.65
3254,12042.89
3255,14670.23
3256,12949.22
3266,21688.02
3270,18938.05
3278,24041.13
3279,13881.2
3294,9427.68
3297,29150.39
3299,15255.11
3302,11898.77
3303,17479.09
3306,62224.04
3311,72365.47
3314,36809.32
3319,48147.19
3320,31276.97
3324,25417.47
3326,49375.58
3328,23519.39
3333,20478.25
3337,22048.04
3340,29821.73
3345,17391.66
3346,19252.26
3348,31862.843253968254
3352,31418.961428571427
3355,23234.16
3356,30214.36
3360,20780.91
3362,10333.77
3365,30466.55
3366,19039.87
3367,27775.43
3378,57261.29
3386,58595.92
3387,27507.18
3395,19209.76
3403,24378.28
3410,37738.98
3412,19929.11
3413,12290.26
3425,16286.25
3428,18555.0
3429,23937.91
3430,19175.6
3434,30967.22
3437,19518.55
3441,20790.85
3445,22907.65
3446,22158.68
3452,17973.64
3454,42676.0955952381
3457,16852.31
3460,17978.68
3462,47453.20428571429
3466,25084.46
3468,23285.06
3478,30082.228333333336
3482,33858.41
3487,20173.08
3494,15863.38
3495,11013.139333333333
3503,18607.52
3515,42630.58
3517,39800.96952380953
3519,26435.96
3524,14550.77
3528,13759.27
3535,33979.05
3536,27918.64
3537,26384.37
3539,16607.92
3541,18760.57
3542,18696.46
3545,19571.82
3546,15923.01
3547,16907.35
3548,22314.37
3549,31891.57
3557,29701.04
3559,17839.51
3561,20343.67
3562,18187.03
3567,18808.56
3569,18638.11
3572,29177.65
3573,29197.346666666665
3575,30150.85
3580,20710.58
3586,17296.54
3591,60242.85
3596,25365.65
3598,21578.63
3602,39268.7
3605,21562.4
3606,19974.58
3613,29308.11
3615,31350.41
3617,16713.81
3620,30812.35
3621,33595.473333333335
3629,18542.76
3634,24544.83
3637,37733.06
3638,46593.56
3640,22228.97
3647,26010.91
3651,18713.77
3653,27490.38
3654,28879.24
3664,28837.57666666667
3673,16844.51
3681,23013.42
3684,26730.85
3685,13188.53
3699,25591.36
3700,16481.91
3702,20269.72
3711,22538.01
3717,20944.89
3718,22171.81
3719,21100.01
3726,31417.7
3734,16875.46
3742,30081.472999999998
3744,16376.0
3752,18827.56
3758,19692.84
3760,34757.26
3763,23653.19
3776,20368.79
3781,14367.63
3795,24581.82
3797,21880.54
3799,21812.23
3800,11521.15
3820,18323.7
3825,22838.12
3827,22008.03
3837,26520.5
3838,31390.5
3843,13698.69
3845,26885.5
3848,24467.026666666665
3852,21697.75
3855,20917.35
3863,48925.86
3870,18980.94
3873,16426.14
3874,31507.56
3877,26922.87
3879,12827.04
3884,34381.55
3885,31516.13
3889,13217.9
3890,22696.65
3902,49383.38
3910,19035.63
3912,31309.74
3918,16497.27
3927,17568.01
3930,35493.87
3932,12918.61
3947,25774.48
3950,24826.72
3959,25941.21
3962,16983.42
3965,26066.46
3966,19330.75
3967,30765.14
3968,31556.39625
3970,32288.16
3976,29822.54
3981,13144.56
3994,14786.23
3995,21815.19
3997,18273.03
4000,15889.94
4001,15924.33
4004,42528.17
4005,40522.90533333333
4010,25490.72
4011,26616.43
4020,19274.51
4024,17584.03
4025,25224.06
4031,17726.19
4037,25546.21
4039,14971.08
4041,27904.28
4042,27600.41
4043,27265.62
4047,27077.13
4054,29936.66
4055,39798.0
4056,43119.59
4059,22107.35974025974
4062,62163.61
4064,41844.97
4070,63724.63333333334
4074,36731.63
4081,25298.75
4085,18130.43
4091,30831.810032467536
4094,128636.33
4101,38754.31
4105,25557.275
4110,25224.61
4118,18167.16
4123,12045.4
4129,18461.36
4131,14602.68
4132,22208.53
4134,20875.56
4138,20711.97
4149,9098.58
4155,23642.25
4160,19045.64
4162,16898.71
4163,14497.03357142857
4174,14336.73
4176,18507.11
4183,17730.63
4187,36056.17
4191,42058.81
4196,15838.91
4199,16622.03
4201,27011.82
4208,43085.44
4212,48373.96
4213,46422.27
4225,20856.83
4231,28230.95
4242,22840.57
4251,28846.07
4254,37668.86
4255,43125.49
4256,14628.59
4259,29761.42
4262,18464.31
4263,37298.46
4275,22490.47
4279,28455.61
4293,28673.1
4294,30805.4619047619
4303,22696.74
4308,27817.67
4310,43288.06
4319,13094.53
4321,20290.97
4333,21429.89
4334,13902.9
4336,15931.05
4338,24745.83
4340,18949.7
4343,20550.07
4345,15881.9
4348,19730.87
4349,30666.91
4366,29368.34333333333
4372,33619.54
4373,37498.88
4377,16545.58
4378,20264.06
4384,31676.17
4392,30294.5
4394,18314.62
4401,16319.55
4404,30751.4
4407,27886.25
4408,30435.87
4409,29816.4
4415,24953.903333333335
4416,29874.01
4418,19531.84
4419,28235.1
4420,31333.51
4430,70209.78
4433,30686.83
4438,33295.61
4439,18450.68
4440,24864.46
4443,17154.87
4449,35267.96
4450,20070.85
4454,19124.04
4456,26516.4
4457,23788.09
4459,35047.65
4466,24632.57
4470,25798.07
4472,13397.67
4475,18516.49
4480,29871.13
4483,21271.99
4491,26275.17
4501,29309.84
4505,28486.25
4508,13817.77
4509,16066.11
4526,24231.43
4529,14110.25
4533,41484.73
4541,34811.81
4547,29362.29166666667
4550,40115.44
4559,26996.835
4561,53658.46
4562,23317.331666666665
4564,23534.35666666667
4565,26335.32
4568,24949.62
4570,23190.4575
4573,22378.39
4574,18285.03
4578,20830.7
4588,26307.0
4595,26213.64761904762
4596,24556.15
4601,20940.33
4602,22459.25
4603,42592.68
4605,31546.77
4608,40808.13
4609,53162.95
4616,20245.42
4618,25934.33
4619,26213.64761904762
4632,14900.33
4633,11492.89
4635,13232.18
4639,13456.06
4644,21738.3
4664,23742.1
4665,18906.14
4666,16013.24
4671,22057.6
4672,27179.44
4676,22333.72
4680,47858.89
4686,50250.65
4690,48527.04
4692,16802.43
4693,18698.03
4700,16772.41
4707,24446.52
4710,21448.15
4711,17616.95
4713,22580.24
4715,14705.43
4716,27088.39
4718,19968.13
4720,31117.89
4723,17994.11
4725,22581.69
4731,29853.58
4734,30905.27
4735,31613.95
4742,17391.93
4743,16354.15
4745,17913.39
4750,23020.14
4752,17185.41
4753,15476.07
4756,32944.16
4763,22287.66
4764,17327.59
4773,36046.0
4775,30252.39
4776,25298.75
4780,18938.29
4782,44193.43
4787,46578.77
4788,21990.5
4790,24242.51
4791,21146.78
4795,18804.21
4808,26777.3
4810,25789.51
4811,24733.96
4813,20361.91
4818,25769.53
4823,22416.04
4827,18504.0
4830,22043.81
4831,20471.92
4832,21098.82
4833,22704.98
4840,30246.0493264089
4842,34076.14
4849,27104.14
4855,22062.58
4858,35511.08
4860,34389.65
4861,25494.23
4863,25190.44
4871,19904.15
4878,55210.89
4885,20893.89
4889,35133.83
4890,17744.29
4891,19724.8
4910,22397.16
4916,25439.84
4918,48070.11
4922,21354.57
4923,21110.06
4927,40504.64
4929,22542.33
4943,26556.27
4944,18603.28
4946,18100.38
4955,23344.36
4957,20141.49
4959,22938.34
4969,22634.0
4972,29522.94
4975,39317.23
4978,41804.822857142855
4979,22507.54
4988,40845.77
4990,72365.47
4992,15636.08
5004,15118.92
5006,18666.86
5010,31378.72
5011,16836.76
5019,30851.25
5021,28435.21
5024,23982.21
5030,29235.558333333338
5034,52210.84
5038,13413.86
5040,15237.35
5046,12205.11
5052,19703.21
5056,24680.96
5057,19988.32
5059,21621.12
5060,24268.07
5069,18672.0
5071,28322.68
5072,18555.0
5074,23433.62
5077,23472.56
5079,25786.917999999998
5081,26342.57
5085,44801.86
5087,24449.74
5088,20388.87
5091,23581.89
5093,31364.18
5094,28170.91666666667
5095,23710.595
5098,13429.04
5101,20886.95
5105,12530.3
5110,12665.99
5115,34955.01
5120,25029.05
5121,17419.67
5138,43976.27
5145,33817.42
5148,22490.63
5158,25209.44
5159,30748.39
5161,34562.38
5162,31865.4
5165,36237.71
5168,34825.5
5171,30345.9
5172,46261.4
5175,30440.29
5186,37151.37
5187,31164.7
5188,38392.69
5192,16729.94
5195,37090.69
5203,24776.12
5205,25581.39
5217,39795.97952380953
5223,13429.04
5225,13447.59
5230,31719.14
5249,29371.03083333333
5251,34641.49
5256,25769.99
5263,27503.5
5268,22469.28
5269,44244.79
5271,24214.93
5274,25185.57
5276,25240.06
5277,32041.34
5278,30377.35
5279,32041.35
5280,25206.31
5286,24181.89
5294,25282.09
5295,28108.81
5311,102046.13
5314,35286.13
5315,19289.51
5320,14881.76
5325,30329.64
5331,30687.27
5346,49721.27
5348,27826.715
5349,27507.18
5351,25241.54
5353,35890.65
5354,21049.76
5370,24081.77
5371,25828.04
5373,46788.18
5374,25860.16
5378,19980.21
5379,30459.7
5380,20841.46
5381,13607.223333333333
5383,26299.85
5384,14936.21
5391,15522.2
5394,24606.52
5396,20606.13
5400,26641.27
5403,30358.11
5404,19098.44
5405,45993.81
5406,23634.87
5407,29943.71
5409,31811.96
5410,25400.26
5412,24794.69
5413,24303.76
5416,48226.12
5418,14949.7
5419,23304.99
5423,18595.88
5427,18542.61
5428,17660.01
5432,18558.85
5439,22022.07
5445,16209.69
5452,40360.61
5454,23336.17
5456,14237.31
5463,53874.74
5479,38177.01
5480,41719.55
5490,24226.24
5498,28548.89
5501,27643.03
5507,15875.0
5516,29576.99
5530,20600.57
5535,37290.18
5536,27606.53945126945
5538,33855.7
5541,28519.73
5545,19342.81
5548,20139.0
5560,29852.19
5561,19902.0
5564,21682.4
5565,28428.4
5566,19716.5
5572,22510.49
5574,23894.68
5575,22720.98
5578,10306.55
5579,19726.94
5580,17825.85
5582,34239.11
5587,33045.35
5588,18129.09
5595,22772.08
5598,24427.92166666667
5599,25215.92
5602,23942.52
5605,10469.13
5610,13162.67
5611,14159.84
5617,18911.77
5624,34432.63
5626,23915.91833333333
5627,14253.91
5628,19899.82
5632,21733.61
5651,17639.96
5654,28261.04
5656,43456.76
5662,83905.29
5666,17909.78
5672,23251.51
5677,22813.8
5681,26161.395548936365
5685,25369.493333333332
5694,26511.68
5695,38693.72
5697,41520.89833333333
5698,55234.85
5700,16360.81
5703,30938.19
5706,30487.22
5711,46161.09
5713,23181.85
5716,21591.64
5719,17857.57
5724,22522.53
5726,21958.34
5731,20105.49
5737,26904.49
5740,17254.94
5741,28238.09
5742,24216.08
5750,18092.06
5751,24774.12
5754,19955.98
5777,48731.99
5778,37496.24
5782,27382.84275862069
5784,23106.63
5785,24167.98
5788,30781.95
5791,16338.43
5805,19634.77
5807,15555.61
5813,17611.42
5826,39965.026666666665
5827,40913.21
5828,52884.95
5839,25081.04666666667
5841,23765.183333333334
5842,33307.48
5843,40763.36
5848,27819.41
5858,21408.89
5865,24471.126666666663
5866,24623.358095238098
5867,24446.03
5870,34950.53
5872,19203.8
5875,21254.36
5886,23215.74
5893,42444.45
5895,18566.05
5908,24628.32
5909,16662.23
5915,28024.74
5917,15868.06
5920,27227.62
5922,28027.09
5925,21829.67
5927,13662.64
5934,18462.99
5935,28766.57
5936,11826.95
5940,22367.49
5941,34668.28
5942,21789.59
5951,24809.1925
5956,42576.79
5957,34535.88
5958,22619.13
5963,43440.98
5964,38907.26
5967,25604.97
5968,21315.9
5970,20710.47
5972,26533.1
5973,18643.4
5979,18489.26
5983,15226.93
5984,20371.6
5986,46341.94666666666
5999,28533.44
6006,18831.44
6010,47157.04
6019,12794.39
6028,35615.95
6030,34431.0
6031,43822.61
6035,33784.01
6038,46593.56
6041,26946.68
6044,15971.96
6045,19253.3
6046,18792.46
6050,30109.92
6051,22755.59
6059,15905.483333333332
6060,13003.71
6065,27239.72
6067,42433.75
6068,37321.71
6076,22271.24
6078,17560.88
6079,19697.42
6081,32365.72
6085,19382.48
6094,30337.27
6100,25774.48
6101,25170.15
6108,24556.27
6110,22555.65
6119,49852.16
6121,30468.35
6125,27159.84
6145,24909.06
6151,25509.45
6156,35748.23
6162,24665.2
6163,43454.5
6165,25478.39
6168,23257.0
6171,25404.26
6172,20752.11
6173,17745.67
6176,35900.24
6177,66512.97
6178,18947.36
6179,59082.94
6186,62885.58666666666
6188,40299.23
6190,20731.32
6191,15947.52
6196,64145.92
6198,31662.16
6199,115050.94
6210,121258.33
6212,25719.748449875224
6216,16783.87
6221,37531.5
6223,90331.42
6226,28074.12
6231,22016.14
6232,21109.29
6234,15662.14
6236,31439.71
6245,46078.46
6250,13639.92
6263,30588.51
6264,33512.54
6269,20379.06
6272,19503.49
6274,49038.12
6285,34029.24
6286,29371.44
6288,28617.65
6290,26515.74
6298,47919.41
6299,48947.51
6302,69227.38
6308,12976.66
6310,41459.23
6311,30262.07
6317,23569.78
6328,32415.7
6329,21568.42
6334,29722.39
6342,49899.82
6350,45609.8
6353,30864.79
6356,27358.46
6357,31375.341428571428
6358,37490.3
6361,18515.73
6362,14008.91
6364,19238.89
6373,44687.96666666666
6376,19951.55
6379,27045.91
6383,26793.04
6387,15804.3
6388,16385.23
6389,18667.36
6392,16153.92
6393,27875.83
6401,29582.89
6403,26164.46
6404,30146.78
6407,44328.11
6415,18276.02
6418,27195.79
6421,23752.94
6422,19315.4
6423,21860.87
6427,30267.6
6429,49320.41
6437,32629.46
6440,27095.03
6448,17764.21
6449,29131.2
6451,26095.08
6455,50751.01
6459,17388.89
6460,14292.16
6461,30167.09
6471,25059.55
6472,23389.92
6478,55690.69
6488,43595.94
6489,19816.59
6493,16014.79
6497,17924.18
6502,33680.56
6507,31757.62
6509,62593.82
6515,15419.26
6517,25214.2
6521,18305.78
6524,24869.55
6532,17701.44
6533,12506.71
6535,19513.36
6538,27857.476666666666
6539,30868.65
6541,30548.19
6542,23809.46
6543,17560.88
6548,25983.92
6550,24895.56833333333
6561,19589.84
6563,28466.31
6564,21533.95
6578,60812.18
6581,32418.93
6585,29339.3
6589,46638.79
6594,28641.78
6601,28767.95
6602,38479.14
6604,28721.52
6606,14598.64
6615,41908.49
6621,30756.03
6622,26616.47
6629,24897.9
6632,24564.74
6642,22516.79
6644,35028.27
6645,30440.99
6648,17704.88
6649,25216.86
6652,28343.28
6655,16008.72
6659,37464.44
6660,26161.395548936365
6664,26161.395548936365
6674,23388.5
6676,25535.11
6677,25535.11
6684,18742.12
6687,22376.54
6689,29831.49
6694,24993.462487512486
6703,33229.69
6713,19842.12
6716,35668.89
6719,17488.1
6724,16812.28
6727,18665.06
6728,22369.59
6734,16464.95
6735,13508.67
6738,17960.58
6743,16600.48
6745,31529.73
6747,23316.64
6750,26616.69
6752,26909.91
6762,20112.92
6768,24597.96
6769,36281.46
6771,22193.51
6774,27052.15
6784,19710.84
6786,25922.05
6787,21825.66
6791,30845.52
6792,22567.29
6797,43812.64
6810,20679.55
6814,25763.35
6820,33388.03333333333
6825,17719.48
6831,18306.5
6832,31027.87
6833,15837.13
6841,37310.7
6842,20652.36
6848,29546.52
6851,24790.54
6853,29618.62
6854,30059.34
6861,23446.55
6862,24156.69
6864,37358.8
6867,31623.99
6870,20131.23
6871,25280.65
6879,23469.23
6883,23962.21
6884,19363.22
6897,26381.31
6898,24804.28
6903,23553.54
6904,31376.06
6918,26509.18
6923,26016.33
6924,36336.16
6929,22262.15
6932,28896.45
6939,44372.52
6942,30805.561904761904
6949,22508.3
6953,33875.81
6959,24154.95
6961,18571.95
6962,20366.14
6963,29478.75
6966,26397.32
6972,34451.49
6975,25537.906666666666
6976,25933.6
6979,26737.62
6981,25802.656666666666
6983,29034.34
6989,18155.64
6991,23056.84
6994,10694.23
6997,24317.82
7000,47383.11
7006,41686.61
7009,28903.66333333333
7013,29017.2
7015,24269.82
7016,25634.26
7019,20095.37
7027,43061.45
7029,46450.66
7031,25175.91
7033,28305.136666666665
7035,24804.28
7038,21779.06
7041,29436.96
7045,35992.01
7047,51164.51
7054,57849.29
7055,16421.23
7058,20196.25
7061,26640.48
7062,32016.84
7063,24691.36
7066,29400.74
7071,32032.93
7073,27172.31666666667
7074,31719.61
7078,20539.73
7085,26604.29
7086,23493.23
7089,21290.61
7090,32501.32
7097,28306.04
7100,32842.25
7108,40231.71
7111,24186.85
7125,31837.86
7127,54012.67
7131,25181.5
7133,31436.269464285713
7139,28027.87
7145,26178.81
7165,26277.75
7174,46289.96
7177,26579.67
7179,25209.44
7183,19698.04
7184,31729.75
7186,23908.97016666667
7190,20813.92
7193,23269.39
7194,19885.18666666667
7195,22281.88
7196,26359.33
7197,24891.17
7199,28591.72
7201,36274.16
7203,24015.17166666667
7206,24194.76
7207,15984.2
7208,20648.43
7213,24976.02
7215,20726.41
7218,13473.5
7221,17772.55
7225,20413.46
7227,25412.51
7229,23581.38
7230,25139.51
7235,22381.36
7236,23013.42
7237,24195.49
7238,32578.61333333333
7241,50219.65
7244,25848.712737007212
7249,21225.75
7253,23494.36
7255,34555.578015873005
7257,55425.1
7261,28026.95166666667
7263,33396.33
7264,34906.7
7277,30868.65
7279,21671.51
7280,24984.4125
7282,24450.2
7283,28853.148095238095
7286,27130.14
7295,29873.18
7297,19051.71
7302,22649.88
7309,39327.11
7325,65512.51
7329,23126.16
7333,30549.67
7334,28501.759999999995
7335,29115.0
7337,31580.48
7341,40270.361666666664
7343,25077.201818181817
7355,21315.9
7358,45906.79
7360,26211.22
7363,51953.238
7365,36778.19
7368,24458.93
7375,22302.46
7382,25848.712737007212
7389,19494.51
7393,21455.83
7394,38043.99
7399,23767.79
7402,26158.96
7406,29561.14
7407,44797.54
7410,28830.75
7411,24413.82
7418,21385.69
7424,23400.99
7428,52520.88
7430,30698.23
7431,30803.18
7444,36778.19
7447,16524.31
7448,15972.56
7453,22738.86
7456,21124.83
7461,15568.25
7463,32072.097675324683
7468,38479.14
7470,58388.72
7476,30244.65
7481,37682.0
7483,49877.58
7486,22236.99
7493,50028.67
7496,21804.39
7498,29952.46
7500,16768.84
7514,30562.72
7519,29054.36
7521,27193.09
7523,25953.07
7528,25613.35
7544,16779.64
7545,38254.26
7551,32740.87
7553,23160.47
7558,20859.85
7559,18929.74
7560,20176.69
7566,25218.71
7570,17339.51
7573,15221.15
7574,26083.38
7581,25640.35
7585,26604.32
7586,14275.14
7594,25350.75
7595,48033.94
7605,18436.82
7607,25124.557454954953
7610,13636.77
7613,20337.61
7614,30729.49
7618,25545.87
7620,27588.653333333332
7621,38471.25
7628,19750.68
7631,22888.48
7633,34855.0
7642,52416.88
7643,21335.3
7644,16188.44
7650,25175.91
7656,30971.12
7661,24310.904632034628
7665,19867.99
7672,30437.22
7675,25848.712737007212
7676,25848.712737007212
7678,21565.68
7680,21486.87
7693,25085.05
7695,32038.59
7698,28203.91
7710,23905.42
7711,28185.546666666665
7712,32486.26
7713,23184.27
7717,52186.66
7723,16139.41
7725,34132.91
7728,44221.45
7729,29105.0
7730,34494.426666666666
7731,64137.52
7738,22621.7
7740,42444.45
7741,29877.32
7743,19988.63
7744,20808.78
7748,18699.33
7751,21700.26
7753,20742.2
7758,28851.06
7761,23927.11
7762,26316.0
7764,50887.98
7772,33578.57
7785,41849.2
7788,21029.24
7790,25810.42
7791,22758.87
7792,24338.0
7794,26135.97
7795,27525.75
7796,24993.462487512486
7797,37264.154
7798,20761.61
7799,16129.27
7802,28325.91
7804,16202.43
7807,42988.94
7809,13150.22
7813,23611.64
7817,25848.712737007212
7818,57500.43
7820,26580.045
7823,25527.01
7826,20027.93
7830,49242.21
7836,42391.07
7845,23755.59
7846,28787.01
7848,25588.08
7850,63395.59
7859,52102.46
7862,17198.51
7871,24790.635497835494
7875,47684.53428571429
7880,25009.0
7881,25009.0
7884,25009.0
7888,25572.27
7891,24224.05
7896,24246.46
7897,17546.87
7901,16362.68
7904,19651.02
7906,28230.01
7907,38468.19
7913,19396.62
7919,56280.43
7924,15635.78
7926,34795.58
7932,21090.32
7937,31158.57
7946,40689.24
7947,48629.8
7953,18262.4
7955,26244.93
7960,19781.93
7961,32812.74
7963,27837.85
7975,26384.87
7978,34592.63
7982,39367.45
7984,47879.77
7987,19899.336666666666
7988,19907.44
8000,30805.4619047619
8002,39491.78
8004,23455.84
8006,23557.83
8007,17565.79
8010,44113.77
8012,32771.42
8013,58387.64
8014,25458.58
8016,52911.96
8018,29673.02
8019,23121.63
8020,23319.3
8021,23226.01
8023,25222.93
8025,63441.14
8031,44244.79
8036,26546.703333333335
8043,20359.84
8049,25044.03
8055,24452.5
8061,23981.94761904762
8062,30402.2
8064,36184.13
8066,23064.47
8068,43985.73
8084,23137.79
8086,56702.84
8088,28155.1
8090,21059.09
8093,15070.28
8099,20530.27
8112,31398.19
8115,28829.686666666665
8116,22886.12
8118,18571.95
8121,27865.57
8124,25601.82
8125,26628.6
8128,21806.24
8131,28448.4
8135,18031.81
8142,36226.809285714284
8144,43200.57666666667
8147,18748.87
8151,57849.29
8152,25131.0
8159,32010.43
8166,22510.67
8182,25181.5
8184,31188.09
8185,29082.36
8186,29381.598333333335
8187,25182.63
8188,68647.51
8192,24733.96
8194,21468.745
8200,20343.67
8202,23549.715749999996
8206,24584.92
8216,19788.48
8223,42887.03
8230,29766.21
8235,32416.71
8238,58565.38
8240,27347.14275862069
8241,25470.08
8252,48991.72
8255,28490.9
8258,35668.89
8262,20692.72
8263,22207.97
8265,21299.13
8277,24940.8
8279,29827.44
8287,24894.21
8289,23553.54
8298,38237.90666666666
8304,23193.1975
8306,17775.2
8309,25703.1
8310,19267.64
8313,27148.17
8321,36485.45
8323,25795.53
8327,16969.54
8332,26424.71
8334,26432.09
8335,32897.85
8336,25685.91
8337,25158.09
8342,30226.96
8343,31893.06
8345,27234.48
8348,17657.85
8354,20692.72
8360,38262.48
8362,32256.66
8368,32014.01
8376,23719.42
8377,42757.65
8390,51154.44
8394,27766.47
8401,32406.25
8403,29103.48666666667
8404,40413.95
8405,32473.16
8407,23265.64
8415,13026.81
8418,22199.04
8432,23940.32
8437,22479.71
8441,34534.02
8444,20563.54
8445,32218.96
8449,33600.58577922079
8455,29570.3
8461,13767.71
8466,21989.61
8478,11018.18
8485,30019.59
8488,50769.21
8490,21172.97
8492,25971.51
8495,43595.51
8501,18968.34
8511,23851.715083333333
8518,33622.34
8519,31706.52
8525,20703.71
8526,20934.66
8531,21804.39
8533,25265.27
8538,29292.82
8542,15720.95
8544,25128.1
8549,24456.62
8557,28990.15
8563,19790.423
8565,40355.83
8566,24955.47
8567,22516.79
8569,64584.75
8570,27857.476666666666
8576,23762.82
8579,22705.77
8580,50904.71
8582,20343.67
8583,19943.856666666667
8593,38361.42
8596,31856.57
8597,36877.89333333333
8598,23549.715749999996
8600,57224.6
8601,19057.96
8602,20406.69
8603,25562.67
8604,22911.02
8606,26935.52
8607,25966.28
8609,27987.11
8611,50120.02
8615,21779.38
8616,23035.88
8633,17370.24
8638,30350.18
8642,25880.765747487523
8643,25848.712737007212
8644,40522.90533333333
8646,26791.55
8650,46503.66
8651,29907.33
8657,26367.40666666667
8658,20484.4
8661,17684.91
8667,30767.09
8671,90773.56
8675,20173.98
8677,22977.1975
8680,23100.43
8683,27818.34
8689,28285.02
8694,40399.48
8700,25408.984285714287
8702,48753.34
8704,18405.39
8706,27596.52
8721,24024.7625
8722,30267.96
8725,34450.55
8727,22236.99
8731,19878.67
8734,19747.43
8739,24381.5775
8742,28762.03
8756,15486.78
8757,31764.01
8759,30349.13
8762,25848.712737007212
8768,41732.72
8776,25941.13
8786,33194.31
8787,25078.0
8795,25494.65
8796,28437.55
8798,22104.27
8804,15411.09
8807,19869.15
8809,19891.12
8810,21091.32
8813,28712.86
8817,38254.26
8818,22786.74
8820,23605.73
8821,135873.61
8827,22949.59
8829,30337.06
8839,40522.90533333333
8841,71083.19
8843,23949.06
8844,28376.96
8847,23980.82166666667
8848,24993.462487512486
8857,24797.76
8864,21932.744
8865,18225.69
8868,32539.87
8869,58565.38
8874,58565.38
8875,24859.95
8889,20544.38
8890,19924.22
8896,19752.2
8898,27438.76
8905,23795.24
8907,34979.78
8920,20074.68
8924,15478.53
8926,17706.38
8930,31200.51
8932,48624.50333333333
8933,26540.79
8938,33388.03333333333
8939,44784.67
8942,17719.48
8946,24540.47
8956,29157.37
8958,20809.31
8966,22745.3
8968,30022.54
8972,21238.41
8990,25181.18
8993,45616.5
8995,29071.97
8998,21616.67
9001,25300.88
9002,17754.13
9003,22353.33
9004,20732.66
9011,31240.4
9016,33059.15
9020,23799.34
9022,22769.47
9025,21388.41
9027,24524.78
9029,25777.66
9030,24099.9
9033,16096.88
9036,28155.1
9041,17280.42
9054,25082.38
9056,23530.54
9057,33600.58577922079
9065,22569.26
9071,20254.18
9076,29636.65
9078,54690.69
9079,25664.255
9082,21571.02
9089,28938.16
9095,22522.2
9096,25128.0
9099,22829.32
9100,22114.7575
9107,19666.43
9108,25983.28
9114,25004.0
9115,26833.41
9116,25233.68
9120,20853.36
9131,42579.02
9134,24228.9194047619
9140,24640.61
9148,46750.45
9154,20932.23
9156,25619.2
9158,38484.39
9159,126835.42
9161,28585.86666666667
9162,27267.93
9166,23534.02
9169,36260.19
9170,30938.19
9172,23718.5
9181,15381.95
9183,19593.39
9192,26907.41333333333
9199,55720.75
9210,18084.08
9214,36295.38
9219,23947.09
9221,20115.81
9238,16696.59
9239,18715.54
9246,22698.73
9254,31529.73
9258,39883.17
9259,19815.29
9268,28681.79
9275,67506.89
9276,47585.57
9277,40109.54
9278,81069.58
9287,31972.33
9289,27239.426666666666
9301,24172.54
9303,33782.28
9307,38479.14
9308,25848.712737007212
9316,25848.712737007212
9319,22937.55
9322,46291.13
9329,19867.83
9334,17824.73
9338,18268.77
9340,25848.712737007212
9341,43059.73
9344,32337.39
9346,20888.77
9349,40253.32
9353,17990.4
9360,24349.57
9362,27576.006818181817
9367,31705.94
9373,15364.46
9376,23087.33
9378,23607.16
9383,23184.27
9385,21447.56
9388,21759.55
9393,25126.89
9394,30909.88
9396,31371.91
9401,19283.53
9403,23960.105333333333
9412,18944.01
9426,23470.94
9437,25848.712737007212
9443,23871.74
9449,30548.02
9451,26353.71
9452,26616.31
9455,26305.66
9457,37135.16
9459,35351.08
9461,15164.52
9462,55412.72
9466,18544.92
9467,16357.99
9470,27588.96
9471,26142.38
9475,30167.12
9476,25793.68
9484,4917.16
9487,10463.77
9494,15042.61
9495,9692.55
9504,25953.09
9507,14912.74
9511,8724.64
9512,10275.42
9516,15060.03
9529,36184.13
9537,14888.84
9538,11049.68
9542,31858.01
9552,30024.72
9554,18246.09
9558,20793.3
9563,22479.42
9570,13274.613333333335
9574,16783.43
9575,10976.82
9580,12999.09
9582,15616.92
9585,60980.06
9589,44420.59
9599,10244.35
9600,9870.44
9603,12795.82
9610,15954.59
9615,17682.48
9620,13321.15
9621,19479.86
9632,27352.12
9635,17786.54
9641,14960.38
9642,12508.85
9644,15618.58
9647,13894.49
9652,18094.56
9653,13667.64
9654,16264.97
9656,13599.61
9657,10694.6
9659,13468.7
9665,15375.98
9666,14657.48
9672,20032.25
9673,12503.99
9676,13144.72
9677,15468.97
9678,15019.74
9697,23569.4
9701,9270.24
9702,20525.14
9703,14844.01
9708,16479.27
9714,15908.47
9719,20797.97
9731,13391.81
9733,12438.37
9735,14718.61
9749,14856.18
9759,16647.26
9761,19706.69
9764,15964.87
9766,14949.11
9767,31086.68
9773,14760.02
9775,13243.99
9781,19802.14
9786,18666.55
9787,17595.45
9789,14208.29
9790,19374.5
9794,14578.54
9801,8253.28
9803,19867.91
9808,14747.54
9811,17913.28
9814,14240.2
9819,11162.94
9823,15146.74
9824,15558.47
9825,10717.36
9828,16489.42
9830,20801.07
9831,15952.77
9832,13612.81
9835,15922.18
9837,19438.79
9839,14084.1
9846,13449.67
9850,18606.3
9853,15576.76
9857,17910.73
9859,12157.61
9860,11325.19
9862,26790.73
9863,27065.92
9881,20366.59
9887,15561.4
9892,15176.97
9893,10745.02
9897,15983.46
9898,19646.48
9904,14679.1
9908,19686.28
9920,20130.07
9922,22295.38
9930,22507.21
9936,11208.44
9942,14295.873333333333
9947,13782.87
9948,12157.61
9949,19648.73
9953,20444.36
9954,17898.09
9980,19254.83
9987,10752.16
9991,14656.66
9992,17865.86
9996,13449.67
9997,10117.57
9998,18287.5
10001,23631.33
10005,14424.37
10012,16080.59
10016,23683.27
10022,10233.99
10027,10465.97
10029,18038.2
10030,15391.11
10034,8959.66
10041,18384.89
10052,25578.358643821557
10053,44945.57
10058,17956.05
10060,34534.36
10061,31271.44
10063,27218.04
10066,25413.98
10070,70146.96
10071,16655.3
10072,22713.86
10075,19852.83
10081,27173.91111111111
10082,12313.04
10086,12902.97
10090,9940.09
10094,44757.14
10096,24986.77
10097,19186.67
10100,31479.64
10102,25018.63
10103,27066.59
10104,38636.05
10116,21546.01
10119,22196.266666666666
10128,12888.85
10136,12391.715238095236
10140,20787.84
10144,20286.95
10146,21314.74
10155,14897.23
10162,17064.21
10164,10175.36
10166,10799.71
10167,10002.9
10173,19976.68
10176,11998.62
10177,9856.32
10186,13792.39
10193,10525.77
10194,11037.72
10195,11295.8
10201,10909.11
10207,16581.6
10211,18235.84
10213,11128.84
10214,15959.93
10221,17542.82
10225,14734.28
10226,13553.5
10233,19129.64
10234,16711.29
10242,9904.63
10244,22527.833333333336
10247,15843.33
10249,4498.79
10253,6012.14
10255,29717.11
10261,21222.7
10264,20755.78
10269,16884.35
10273,16781.99
10274,25281.48
10286,20212.17
10295,18029.89
10298,56594.27
10300,16993.56
10306,9165.52
10314,14565.85
10316,10764.75
10317,11774.07
10319,11228.82
10323,16276.87
10330,17957.85
10333,15909.52
10335,14472.86
10336,19306.61
10337,15798.53
10339,12210.03
10341,13310.44
10343,15977.87
10344,19700.4
10345,15998.63
10365,23479.69
10367,22471.6
10379,15371.7
10381,19567.68
10383,27620.912733335746
10386,18755.53
10387,18657.4
10391,45091.52
10392,32871.86
10394,24609.07
10397,13615.34
10399,47037.96
10400,39161.49
10402,29503.25
10403,24356.33833333334
10404,27693.25166666667
10410,22349.64
10412,30576.51
10413,16748.58
10416,14186.77
10422,20728.7
10423,13908.52
10427,17968.77
10431,28480.99
10437,25830.26
10440,29047.29
10449,16491.71
10453,18018.97
10459,18534.69
10460,17671.71
10461,18603.02
10464,5118.63
10469,28483.47
10470,19466.5
10471,16514.57
10475,9751.7875
10494,20718.07
10498,10671.22
10501,9528.67
10502,13654.64
10504,11932.07
10506,13874.18
10513,10501.78
10527,17947.98
10530,25526.44
10531,44494.85
10534,27942.03
10540,29482.0
10542,52167.5
10545,15193.36
10549,16111.61
10559,29705.7
10562,18570.89
10565,17145.19
10568,24556.15
10572,23995.16
10578,14937.85
10579,20652.35
10583,22160.02
10585,23527.82
10587,22403.65
10592,18826.58
10593,60274.59333333334
10597,44413.33
10605,8321.54
10609,15712.76
10611,15890.09
10612,43425.8
10614,38621.78
10615,19655.01
10624,19491.95
10627,19116.04
10630,13819.81
10638,26889.91
10639,17168.36
10646,13700.79
10647,17210.22
10654,17451.17
10656,17214.26
10657,16962.39
10661,14082.34
10669,12780.62
10674,16867.64
10675,16388.13
10676,19254.83
10677,15403.82
10678,13627.1
10679,15755.54
10684,11588.41
10685,14756.91
10702,17061.11
10704,17828.72
10711,20055.83
10712,14686.52
10714,17903.65
10716,19385.37
10723,17918.99
10725,11625.41
10732,18415.13
10733,13923.93
10738,20805.27
10739,15567.86
10740,11977.5
10744,11390.93
10746,21082.35
10747,11436.56
10754,16018.44
10756,16077.07
10758,17959.61
10760,17954.9
10761,17810.22
10763,15524.06
10765,27988.42
10766,29049.66
10777,30940.326666666664
10779,23030.81
10782,19216.09
10790,10939.41
10799,26209.65
10808,35445.67
10820,28130.66
10825,19818.99
10835,18058.22
10838,17061.01
10840,26853.0
10841,24982.9
10852,13327.13
10856,11842.16
10861,11797.24
10863,12844.42
10866,21375.67
10868,23625.59
10873,43093.29
10882,17824.41
10885,14385.68
10896,9807.34
10902,12191.45
10906,19679.12
10908,17408.46
10910,14318.06
10916,13451.71
10921,15711.91
10922,15814.89
10924,21774.18
10929,9910.483333333332
10936,20068.47
10939,22682.64
10940,17552.59
10941,14117.41
10950,14014.33
10955,18105.74
10957,18708.5
10959,20283.53
10962,17189.29
10964,17798.0
10965,21141.6
10972,18650.05
10975,17568.27
10980,21992.18
10982,16546.58
10983,9896.79
10984,13126.41
10985,17816.25
10987,14117.6
10989,14083.33
10990,7418.82
10991,18352.11
10994,14732.34
10997,17862.69
10998,11446.13
11002,19197.35
11006,18556.33
11009,10708.51
11015,19321.93
11018,22062.98
11022,18672.18
11024,14340.38
11027,16325.17
11029,20527.32
11032,18500.27
11036,16673.13
11037,18028.63
11040,17299.75
11048,18909.29
11054,19748.6
11057,16024.13
11063,16149.98
11064,28999.22
11067,26482.22
11072,14475.78
11074,13209.86
11083,21138.2
11084,15640.93
11087,14867.93
11090,17826.29
11096,35505.88
11105,25047.98
11107,13094.89
11110,10690.86
11115,10451.19
11116,14137.68
11121,12653.75
11122,11895.3
11131,10875.42
11132,10276.68
11147,14808.9
11148,13987.75
11149,14188.8
11150,10638.99
11156,17641.02
11158,14358.21
11161,11508.27
11168,14802.38
11171,5733.75
11172,10309.19
11180,18867.43
11191,12752.68
11192,14626.11
11197,11559.22
11200,16586.18
11203,12582.58
11205,13809.96
11210,10156.84
11216,15579.17
11220,9867.37
11221,16507.52
11228,15916.43
11230,9652.58
11237,6944.62
11238,15523.48
11242,11280.03
11244,29786.02
11248,11604.41
11250,20397.48
11254,18697.67
11255,19609.94
11257,12909.22
11258,23408.12
11263,3710.41
11274,12299.2
11278,14277.98
11280,21363.89
11281,25093.57
11294,18838.76
11296,18245.47
11300,13716.31
11301,14316.87
11317,18740.05
11323,12437.34
11324,15090.39
11327,15282.03
11328,19379.67
11337,15185.29
11338,14644.64
11342,15983.87
11348,6431.83
11352,16739.49
11353,10291.103333333334
11360,26977.62
11361,19591.08
11366,17544.11
11367,17340.06
11369,14342.82
11374,14740.46
11379,10218.98
11380,5007.0
11397,11666.95
11400,20432.42
11401,10981.31
11404,8209.02
11409,19628.11
11413,4714.9
11415,16035.49
11425,17436.15
11426,16158.47
11428,11055.63
11430,4184.01
11435,19502.84
11437,18935.0
11438,11820.27
11441,13557.11
11442,13417.2
11444,12011.95
11453,19564.99
11454,16274.96
11462,26240.02
11472,10014.57
11476,12349.923333333332
11480,16444.94
11484,10338.13
11485,15923.57
11490,9894.86
11494,9136.403333333332
11495,25944.31
11508,15872.98
11513,19639.27
11517,16613.19
11521,22848.42
11524,5329.15
11525,5188.0
11528,30132.95
11530,28658.47
11534,15684.95
11537,16588.22
11542,14322.06
11548,31373.64
11555,13977.23
11556,17735.62
11558,10374.57
11560,13409.8
11563,11608.16
11566,12803.16
11569,12270.27
11570,11662.03
11572,14130.78
11582,16582.19
11586,13646.62
11587,9992.33
11589,15237.89
11593,12013.81
11595,5267.55
11602,6602.88
11604,34131.09
11610,10592.9
11613,16807.83
11616,11091.63
11617,13892.44
11620,10283.89
11625,19191.7
11628,14870.12
11631,19113.08
11634,29425.27
11639,23349.91
11641,38032.48
11645,15091.7
11646,13585.6
11650,16982.5
11658,28170.92
11659,39855.1
11662,19214.8
11663,30065.55
11667,15438.33
11669,30937.45
11671,17945.12
11673,39512.38
11681,17742.42
11686,18509.44
11689,27998.86
11705,66008.82
11712,30426.76333333333
11713,27594.49
11718,23677.45
11719,21058.03
11726,23503.96
11730,20572.07
11731,38443.51
11732,50955.0
11735,19796.73
11736,19202.71
11742,19438.79
11748,11599.2
11749,24402.61
11753,28789.16
11754,19902.68
11757,32961.46
11758,26040.29
11764,2911.79
11766,6380.95
11771,4361.25
11775,12245.85
11784,23612.45
11788,35745.79
11791,2102.83
11794,10513.38
11799,29344.01
11806,30377.65
11807,3645.6
11815,12250.03
11819,17993.6
11822,8248.62
11825,9842.11
11826,13046.855
11837,35798.44
11840,27383.93
11846,30014.49
11850,37759.44
11858,2793.43
11866,28002.05
11886,37705.47
11897,18555.97
11915,25161.205
11916,34667.14
11918,18460.11
11926,25806.89
11934,11311.42
11936,42039.21
11937,23172.07
11946,29099.30666666667
11949,18241.61
11952,28076.16
11956,16850.79
11959,24887.61
11960,17911.49
11961,14997.51
11962,26059.98
11967,20845.78
11970,22102.65
11972,14212.37
11973,14721.52
11974,16533.19
11975,19997.23
11977,16345.31
11982,15902.59
11987,20353.88
11988,26536.07
11992,18952.12
11994,10285.47
11995,22358.41
11997,24131.64
11999,8727.09
12003,28021.3
12005,24122.9
12008,5239.75
12009,3513.78
12010,27678.35
12016,19812.02
12018,4590.5
12022,22616.95
12039,23554.04
12042,27350.55
12045,15881.5
12047,20399.99
12049,26720.46
12051,20619.83
12056,18871.03
12064,20168.27
12065,20439.94
12070,12308.62
12078,13069.36
12085,20178.96
12089,17015.86
12093,18114.51
12094,14674.76
12104,23242.44
12105,17914.43
12106,23202.94
12107,19371.72
12109,20020.95
12122,19067.75
12125,20366.98
12126,15867.85
12127,13126.41
12135,18060.97
12138,18134.23
12144,17823.78
12145,16930.49
12147,18635.03
12150,18425.01
12151,15551.09
12157,15151.45
12159,28630.71
12163,10177.36
12164,25864.56
12172,20978.27
12176,14479.08
12178,27666.05
12181,24392.64
12187,17537.55
12188,15131.46
12192,22711.05
12195,15719.76
12196,13068.16
12197,14420.09
12206,14301.06
12214,14621.04
12219,11923.19
12221,21140.67
12225,15816.77
12227,20028.54
12233,15961.32
12234,15109.31
12235,17281.41
12236,11958.9
12237,20153.78
12242,16245.42
12243,19903.53
12248,16655.19
12249,14802.11
12250,21356.68333333333
12251,16406.79
12252,14199.82
12257,16009.83
12259,24117.42666666667
12261,20410.94
12263,18668.79
12264,30967.825714285715
12265,29326.98
12267,14065.44
12268,16186.13
12269,20139.68
12273,19365.03
12287,24513.68
12293,18356.946666666667
12296,17619.5
12297,19532.48
12303,17160.66
12306,17781.99
12312,19447.75
12313,18466.01
12316,19888.78
12323,21204.16
12326,16333.69
12332,17811.35
12341,16485.3
12345,20782.8
12349,18954.65
12351,20530.66
12358,20135.49
12364,17798.97
12365,20468.74
12373,19728.73
12374,17701.5
12380,13597.7
12393,12664.42
12397,15881.5
12398,16371.38
12404,16629.27
12405,15685.98
12407,20699.01
12409,17082.94
12410,16366.59
12413,14765.12
12415,17944.99
12418,19271.6
12422,17208.88
12425,16062.93
12428,15694.29
12436,17014.95
12440,13746.99
12453,14514.55
12456,9816.58
12457,13428.59
12458,22307.13
12460,19519.5
12462,18955.64
12467,20582.77
12470,13422.46
12472,14641.59
12479,19646.6
12481,17409.68
12486,18460.04
12503,13303.79
12506,11445.07
12508,12068.92
12509,12087.47
12510,13078.35
12516,13631.96
12520,15754.51
12524,15108.17
12526,21706.3
12534,20311.9
12538,14467.72
12539,16978.04
12546,15117.3
12547,18555.09
12554,19476.28
12555,19100.35
12559,18807.43
12560,19233.69
12561,18410.29
12564,38587.91
12565,17512.01
12567,13074.34
12578,13734.89
12581,15797.88
12586,22124.21
12587,15026.81
12589,16466.79
12598,26151.48
12600,27984.72
12601,20925.72
12602,21670.3
12604,20810.64
12611,18795.49
12612,27027.82
12621,15551.33
12622,14129.26
12623,12281.24
12626,12268.45
12628,24895.09
12632,23293.21
12633,25297.82
12645,18681.89
12650,4814.66
12652,23058.31
12657,18902.48
12668,28607.22
12670,23375.19
12672,22002.97
12676,20655.6
12679,16531.64
12684,17923.35
12686,30036.84
12701,39249.37
12705,48313.86
12706,18474.89
12712,36517.38
12716,27517.8
12721,22555.69
12723,33793.83
12729,21411.25
12733,27823.18
12740,24107.98
12741,57266.68
12743,13848.09
12744,11400.76
12751,11959.92
12758,13726.65
12764,28461.45
12767,3376.81
12768,13275.89
12769,19566.48
12774,31116.53666666667
12775,29063.43
12778,29204.6
12783,14239.76
12790,16629.02
12800,26479.876666666663
12801,27922.5
12803,27681.84
12805,29083.55
12809,18467.25
12810,19965.22
12815,29664.91
12820,28972.305
12821,20857.36
12830,19758.15
12832,26438.49
12833,27443.97
12834,16728.56
12840,19767.93
12849,30638.83666666667
12850,21189.46
12852,22262.64
12854,30234.31
12865,17184.85
12871,26996.835
12881,20181.496666666666
12890,21853.78
12895,31501.05
12902,25522.13
12905,34232.03
12906,33615.61
12908,42590.53
12913,16893.2
12919,25860.58
12920,16794.47
12921,53037.19
12922,30273.08
12925,16131.24
12926,43808.97142857143
12937,38295.08
12940,18860.8
12947,16311.86
12949,18297.88
12950,20006.38
12954,29958.61
12955,17818.97
12956,18224.99
12958,17639.16
12970,29574.52
12981,25848.64
12982,15018.28
12984,45450.43
12986,26962.58
12988,25085.93333333333
12993,20239.11
13004,16404.77
13007,13484.44
13008,13081.38
13010,19173.28
13013,18593.26
13014,14662.17
13022,15243.77
13032,26943.72666666667
13033,15148.6
13034,13605.03
13036,8760.98
13038,63908.53
13043,30434.32
13046,19095.39
13049,37124.31
13050,35120.02
13052,29905.16
13054,25255.89
13056,55173.16
13057,18395.81
13063,33970.84
13064,26717.61
13065,29736.74
13066,22534.04
13069,24615.86
13087,21485.56
13089,20378.39
13092,28674.32
13096,27655.83
13098,23444.26
13101,24341.43
13109,16748.77
13112,29345.930833333332
